Workbook
Name empdata: Source!$C$5:$F$40

Sheet Index&Match
C4: C_Code | D4: FirstName | E4: LastName | F4: Birthdate | G4: Gender | H4: M_Status | I4: Department | J4: Region | K4: Basic Salary
C5: 150834 | D5: Ram | E5: Ambradkar | F5: 31199 | G5: Female | H5: Married | I5: FLM | J5: North | K5: 48000
C6: 150784 | D6: Sachin | E6: Bangera | F6: 28365 | G6: Female | H6: Single | I6: Digital Marketing | J6: North | K6: 35000
C7: 150791 | D7: Rajesh | E7: Bohra | F7: 23346 | G7: Female | H7: Married | I7: Digital Marketing | J7: North | K7: 67000 | M7: Figure out who has the Max and Min Salary
C8: 150940 | D8: Rajeesh | E8: C | F8: 26906 | G8: Male | H8: Single | I8: Inside Sales | J8: South | K8: 87000
C9: 150777 | D9: Melwyn | E9: Crasto | F9: 21123 | G9: Male | H9: Married | I9: Marketing | J9: North | K9: 22000 | M9: Name of Employees, who have | O9: First Name
C10: 150805 | D10: Rajesh | E10: Dedhia | F10: 26172 | G10: Male | H10: Married | I10: Director | J10: North | K10: 91000 | M10: Max Salary | N10: =MAX(K5:K42) -> 92000 | O10: =INDEX(D5:D42,MATCH(N10,K5:K42,0)) -> Dinesh
C11: 150990 | D11: Dattatray | E11: Desai | F11: 36400 | G11: Male | H11: Married | I11: Learning & Development | J11: Mid West | K11: 77000 | M11: Min Salary | N11: =MIN(K5:K42) -> 15000 | O11: =INDEX(D5:D42,MATCH(N11,K5:K42,0)) -> Satish
C12: 150989 | D12: Vishnu | E12: Desai | F12: 33113 | G12: Male | H12: Married | I12: Digital Marketing | J12: Mid West | K12: 45000
C13: 150881 | D13: Dinesh | E13: Dhanuka | F13: 30337 | G13: Male | H13: Single | I13: Digital Marketing | J13: East | K13: 92000
C14: 150814 | D14: Heena | E14: Dongre | F14: 26246 | G14: Male | H14: Married | I14: Inside Sales | J14: North | K14: 50000
C15: 150937 | D15: Dhiren | E15: Haria | F15: 24700 | G15: Male | H15: Married | I15: Learning & Development | J15: South | K15: 37000
C16: 150888 | D16: Gururaj | E16: Joshi | F16: 29221 | G16: Male | H16: Married | I16: Learning & Development | J16: East | K16: 43000
C17: 150865 | D17: Ruffina | E17: Joshi | F17: 31279 | G17: Female | H17: Married | I17: CEO | J17: East | K17: 90000
C18: 150858 | D18: Jagjit | E18: Kahlon | F18: 34846 | G18: Male | H18: Married | I18: CCD | J18: East | K18: 34000
C19: 150930 | D19: Piyush | E19: Kamdar | F19: 37027 | G19: Male | H19: Married | I19: Digital Marketing | J19: South | K19: 82000
C20: 150894 | D20: D | E20: Kulkarni | F20: 37124 | G20: Male | H20: Married | I20: Inside Sales | J20: South | K20: 67000
C21: 150947 | D21: Raju | E21: Manek | F21: 33449 | G21: Female | H21: Married | I21: CCD | J21: South | K21: 85000
C22: 150905 | D22: Yogesh | E22: Mansharamani | F22: 30819 | G22: Female | H22: Single | I22: FLM | J22: South | K22: 62000
C23: 150995 | D23: Satish | E23: Pasari | F23: 35330 | G23: Male | H23: Married | I23: Inside Sales | J23: Mid West | K23: 15000
... C42: 150821 | D42: Yashraj | E42: Vaidya | F42: 29966 | G42: Male | H42: Single | I42: CCD | J42: North | K42: 26000

Sheet Master Emp sheet
D2: Get Region, Department and Salary of all Employees from Sheet "Source"
D3: If C-Code is not present, display "Retired"
D4: *Use Name Range and Vlookup with Match Function
C6: C_Code | D6: FirstName | E6: LastName | F6: Birthdate | G6: Gender | H6: M_Status | I6: Region | J6: Department | K6: Basic Salary
C7: 150834 | D7: Ram | E7: Ambradkar | F7: 31199 | G7: Female | H7: Married | I7: =IFERROR(VLOOKUP($C7, empdata, MATCH(I$6,Source!$C$5:$F$5,0),0),"Retired") -> North | J7: =IFERROR(VLOOKUP($C7, empdata, MATCH(J$6,Source!$C$5:$F$5,0),0),"Retired") -> FLM | K7: =IFERROR(VLOOKUP($C7, empdata, MATCH(K$6,Source!$C$5:$F$5,0),0),"Retired") -> 48000
C8: 150784 | D8: Sachin | E8: Bangera | F8: 28365 | G8: Female | H8: Single | I8: =IFERROR(VLOOKUP($C8, empdata, MATCH(I$6,Source!$C$5:$F$5,0),0),"Retired") -> North | J8: =IFERROR(VLOOKUP($C8, empdata, MATCH(J$6,Source!$C$5:$F$5,0),0),"Retired") -> Digital Marketing | K8: =IFERROR(VLOOKUP($C8, empdata, MATCH(K$6,Source!$C$5:$F$5,0),0),"Retired") -> 35000
C9: 150791 | D9: Rajesh | E9: Bohra | F9: 23346 | G9: Female | H9: Married | I9: =IFERROR(VLOOKUP($C9, empdata, MATCH(I$6,Source!$C$5:$F$5,0),0),"Retired") -> North | J9: =IFERROR(VLOOKUP($C9, empdata, MATCH(J$6,Source!$C$5:$F$5,0),0),"Retired") -> Digital Marketing | K9: =IFERROR(VLOOKUP($C9, empdata, MATCH(K$6,Source!$C$5:$F$5,0),0),"Retired") -> 67000
C10: 150940 | D10: Rajeesh | E10: C | F10: 26906 | G10: Male | H10: Single | I10: =IFERROR(VLOOKUP($C10, empdata, MATCH(I$6,Source!$C$5:$F$5,0),0),"Retired") -> South | J10: =IFERROR(VLOOKUP($C10, empdata, MATCH(J$6,Source!$C$5:$F$5,0),0),"Retired") -> Inside Sales | K10: =IFERROR(VLOOKUP($C10, empdata, MATCH(K$6,Source!$C$5:$F$5,0),0),"Retired") -> 87000
C11: 150777 | D11: Melwyn | E11: Crasto | F11: 21123 | G11: Male | H11: Married | I11: =IFERROR(VLOOKUP($C11, empdata, MATCH(I$6,Source!$C$5:$F$5,0),0),"Retired") -> North | J11: =IFERROR(VLOOKUP($C11, empdata, MATCH(J$6,Source!$C$5:$F$5,0),0),"Retired") -> Marketing | K11: =IFERROR(VLOOKUP($C11, empdata, MATCH(K$6,Source!$C$5:$F$5,0),0),"Retired") -> 22000
C12: 150805 | D12: Rajesh | E12: Dedhia | F12: 26172 | G12: Male | H12: Married | I12: =IFERROR(VLOOKUP($C12, empdata, MATCH(I$6,Source!$C$5:$F$5,0),0),"Retired") -> North | J12: =IFERROR(VLOOKUP($C12, empdata, MATCH(J$6,Source!$C$5:$F$5,0),0),"Retired") -> Director | K12: =IFERROR(VLOOKUP($C12, empdata, MATCH(K$6,Source!$C$5:$F$5,0),0),"Retired") -> 91000
C13: 150990 | D13: Dattatray | E13: Desai | F13: 36400 | G13: Male | H13: Married | I13: =IFERROR(VLOOKUP($C13, empdata, MATCH(I$6,Source!$C$5:$F$5,0),0),"Retired") -> Mid West | J13: =IFERROR(VLOOKUP($C13, empdata, MATCH(J$6,Source!$C$5:$F$5,0),0),"Retired") -> Learning & Development | K13: =IFERROR(VLOOKUP($C13, empdata, MATCH(K$6,Source!$C$5:$F$5,0),0),"Retired") -> 77000
C14: 150989 | D14: Vishnu | E14: Desai | F14: 33113 | G14: Male | H14: Married | I14: =IFERROR(VLOOKUP($C14, empdata, MATCH(I$6,Source!$C$5:$F$5,0),0),"Retired") -> Mid West | J14: =IFERROR(VLOOKUP($C14, empdata, MATCH(J$6,Source!$C$5:$F$5,0),0),"Retired") -> Digital Marketing | K14: =IFERROR(VLOOKUP($C14, empdata, MATCH(K$6,Source!$C$5:$F$5,0),0),"Retired") -> 45000
C15: 150881 | D15: Dinesh | E15: Dhanuka | F15: 30337 | G15: Male | H15: Single | I15: =IFERROR(VLOOKUP($C15, empdata, MATCH(I$6,Source!$C$5:$F$5,0),0),"Retired") -> East | J15: =IFERROR(VLOOKUP($C15, empdata, MATCH(J$6,Source!$C$5:$F$5,0),0),"Retired") -> Digital Marketing | K15: =IFERROR(VLOOKUP($C15, empdata, MATCH(K$6,Source!$C$5:$F$5,0),0),"Retired") -> 92000
C16: 150814 | D16: Heena | E16: Dongre | F16: 26246 | G16: Male | H16: Married | I16: =IFERROR(VLOOKUP($C16, empdata, MATCH(I$6,Source!$C$5:$F$5,0),0),"Retired") -> North | J16: =IFERROR(VLOOKUP($C16, empdata, MATCH(J$6,Source!$C$5:$F$5,0),0),"Retired") -> Inside Sales | K16: =IFERROR(VLOOKUP($C16, empdata, MATCH(K$6,Source!$C$5:$F$5,0),0),"Retired") -> 50000
C17: 150937 | D17: Dhiren | E17: Haria | F17: 24700 | G17: Male | H17: Married | I17: =IFERROR(VLOOKUP($C17, empdata, MATCH(I$6,Source!$C$5:$F$5,0),0),"Retired") -> South | J17: =IFERROR(VLOOKUP($C17, empdata, MATCH(J$6,Source!$C$5:$F$5,0),0),"Retired") -> Learning & Development | K17: =IFERROR(VLOOKUP($C17, empdata, MATCH(K$6,Source!$C$5:$F$5,0),0),"Retired") -> 37000
C18: 150888 | D18: Gururaj | E18: Joshi | F18: 29221 | G18: Male | H18: Married | I18: =IFERROR(VLOOKUP($C18, empdata, MATCH(I$6,Source!$C$5:$F$5,0),0),"Retired") -> East | J18: =IFERROR(VLOOKUP($C18, empdata, MATCH(J$6,Source!$C$5:$F$5,0),0),"Retired") -> Learning & Development | K18: =IFERROR(VLOOKUP($C18, empdata, MATCH(K$6,Source!$C$5:$F$5,0),0),"Retired") -> 43000
... C44: 150821 | D44: Yashraj | E44: Vaidya | F44: 29966 | G44: Male | H44: Single | I44: =IFERROR(VLOOKUP($C44, empdata, MATCH(I$6,Source!$C$5:$F$5,0),0),"Retired") -> North | J44: =IFERROR(VLOOKUP($C44, empdata, MATCH(J$6,Source!$C$5:$F$5,0),0),"Retired") -> CCD | K44: =IFERROR(VLOOKUP($C44, empdata, MATCH(K$6,Source!$C$5:$F$5,0),0),"Retired") -> 26000

Sheet Source
C5: C_Code | D5: Department | E5: Region | F5: Basic Salary
C6: 150773 | D6: Finance | E6: North | F6: 85000
C7: 150777 | D7: Marketing | E7: North | F7: 22000
C8: 150784 | D8: Digital Marketing | E8: North | F8: 35000
C9: 150791 | D9: Digital Marketing | E9: North | F9: 67000
C10: 150798 | D10: Digital Marketing | E10: North | F10: 81000
C11: 150805 | D11: Director | E11: North | F11: 91000
C12: 150814 | D12: Inside Sales | E12: North | F12: 50000
C13: 150821 | D13: CCD | E13: North | F13: 26000
C14: 150830 | D14: Sales | E14: North | F14: 52000
C15: 150834 | D15: FLM | E15: North | F15: 48000
C16: 150840 | D16: Inside Sales | E16: East | F16: 20000
C17: 150850 | D17: CCD | E17: East | F17: 47000
... C40: 150995 | D40: Inside Sales | E40: Mid West | F40: 15000
